Security Strength,Key Generation Duration,Generation Method,Encryption,Decryption,Private Key Type,
112, 0.1134540,"Probably Prime, Probable Aux Primes", 0.0001830, 0.0003980,Quintuple,
112, 0.1241240,"Probably Prime, Provable Aux Primes", 0.0001890, 0.0014270,Standard,
112, 0.1211790,Probably Prime, 0.0001870, 0.0013850,Standard,
112, 0.1544150,"Probably Prime, Provable Aux Primes", 0.0002200, 0.0004240,Quintuple,
112, 0.1524780,"Probably Prime, Probable Aux Primes", 0.0001960, 0.0013620,Standard,
112, 0.1867680,Probably Prime, 0.0001820, 0.0003990,Quintuple,
112, 0.1953960,Provably Prime, 0.0001800, 0.0004080,Quintuple,
112, 0.3173850,"Provably Prime, Aux Primes", 0.0001850, 0.0004000,Quintuple,
112, 0.4645080,"Provably Prime, Aux Primes", 0.0001850, 0.0013980,Standard,
112, 0.5160600,Provably Prime, 0.0001890, 0.0013670,Standard,
112, 0.0758520,"Probably Prime, Probable Aux Primes", 0.0001810, 0.0016970,Standard,
112, 0.0703510,"Provably Prime, Aux Primes", 0.0001820, 0.0021030,Standard,
112, 0.1343290,Probably Prime, 0.0001830, 0.0003960,Quintuple,
112, 0.1444470,Probably Prime, 0.0001760, 0.0024520,Standard,
112, 0.1574220,"Probably Prime, Provable Aux Primes", 0.0001820, 0.0013620,Standard,
112, 0.2092810,"Probably Prime, Probable Aux Primes", 0.0001800, 0.0004080,Quintuple,
112, 0.2011040,"Provably Prime, Aux Primes", 0.0002260, 0.0004540,Quintuple,
112, 0.3041410,Provably Prime, 0.0002070, 0.0006360,Quintuple,
112, 0.3373250,"Probably Prime, Provable Aux Primes", 0.0002010, 0.0004050,Quintuple,
112, 0.3527750,Provably Prime, 0.0001800, 0.0013350,Standard,
112, 0.0863690,"Probably Prime, Provable Aux Primes", 0.0001820, 0.0004090,Quintuple,
112, 0.1039430,Probably Prime, 0.0001910, 0.0003950,Quintuple,
112, 0.1174930,Probably Prime, 0.0001800, 0.0015870,Standard,
112, 0.2830130,"Probably Prime, Provable Aux Primes", 0.0001830, 0.0013650,Standard,
112, 0.3043160,"Provably Prime, Aux Primes", 0.0001830, 0.0004090,Quintuple,
112, 0.3025690,"Probably Prime, Probable Aux Primes", 0.0001810, 0.0004080,Quintuple,
112, 0.4060650,"Provably Prime, Aux Primes", 0.0001840, 0.0013450,Standard,
112, 0.4615510,"Probably Prime, Probable Aux Primes", 0.0001920, 0.0013520,Standard,
112, 0.5203130,Provably Prime, 0.0001830, 0.0013750,Standard,
112, 0.9311580,Provably Prime, 0.0001790, 0.0003940,Quintuple,
112, 0.1524140,"Probably Prime, Provable Aux Primes", 0.0002050, 0.0013360,Standard,
112, 0.1825700,Provably Prime, 0.0001840, 0.0004450,Quintuple,
112, 0.2177320,Probably Prime, 0.0001950, 0.0013380,Standard,
112, 0.2629960,Probably Prime, 0.0001840, 0.0004180,Quintuple,
112, 0.2902540,Provably Prime, 0.0001830, 0.0013570,Standard,
112, 0.3204890,"Probably Prime, Provable Aux Primes", 0.0001780, 0.0004050,Quintuple,
112, 0.3305810,"Probably Prime, Probable Aux Primes", 0.0001950, 0.0013300,Standard,
112, 0.3335390,"Probably Prime, Probable Aux Primes", 0.0001830, 0.0003950,Quintuple,
112, 0.5384230,"Provably Prime, Aux Primes", 0.0001830, 0.0003940,Quintuple,
112, 0.5977820,"Provably Prime, Aux Primes", 0.0001930, 0.0013440,Standard,
112, 0.0772670,"Probably Prime, Probable Aux Primes", 0.0002550, 0.0004180,Quintuple,
112, 0.1364090,Provably Prime, 0.0001810, 0.0013560,Standard,
112, 0.1192070,Probably Prime, 0.0001810, 0.0013540,Standard,
112, 0.2067020,"Probably Prime, Provable Aux Primes", 0.0001960, 0.0013450,Standard,
112, 0.2265450,Provably Prime, 0.0001810, 0.0004240,Quintuple,
112, 0.2104880,Probably Prime, 0.0001870, 0.0004110,Quintuple,
112, 0.3580210,"Provably Prime, Aux Primes", 0.0001920, 0.0013550,Standard,
112, 0.4096870,"Provably Prime, Aux Primes", 0.0001870, 0.0003950,Quintuple,
112, 0.4459620,"Probably Prime, Probable Aux Primes", 0.0001810, 0.0013570,Standard,
112, 0.5143790,"Probably Prime, Provable Aux Primes", 0.0001800, 0.0003940,Quintuple,
112, 0.0625850,"Probably Prime, Provable Aux Primes", 0.0001820, 0.0004190,Quintuple,
112, 0.0956920,"Probably Prime, Probable Aux Primes", 0.0001840, 0.0013470,Standard,
112, 0.1128820,Probably Prime, 0.0002460, 0.0016570,Standard,
112, 0.1314460,"Probably Prime, Provable Aux Primes", 0.0001850, 0.0015390,Standard,
112, 0.1564060,Probably Prime, 0.0001790, 0.0003920,Quintuple,
112, 0.1746460,"Provably Prime, Aux Primes", 0.0001830, 0.0003950,Quintuple,
112, 0.2270270,Provably Prime, 0.0001790, 0.0013430,Standard,
112, 0.3609850,"Probably Prime, Probable Aux Primes", 0.0001820, 0.0004020,Quintuple,
112, 0.5031150,Provably Prime, 0.0001820, 0.0003960,Quintuple,
112, 0.6056780,"Provably Prime, Aux Primes", 0.0002320, 0.0016880,Standard,
112, 0.0734790,"Probably Prime, Probable Aux Primes", 0.0001790, 0.0013490,Standard,
112, 0.0703440,"Probably Prime, Provable Aux Primes", 0.0001830, 0.0013520,Standard,
112, 0.1271920,"Probably Prime, Provable Aux Primes", 0.0001860, 0.0003940,Quintuple,
112, 0.1856650,Probably Prime, 0.0001800, 0.0004210,Quintuple,
112, 0.2051120,"Provably Prime, Aux Primes", 0.0001940, 0.0003930,Quintuple,
112, 0.2134530,Provably Prime, 0.0001830, 0.0013400,Standard,
112, 0.2688890,"Provably Prime, Aux Primes", 0.0001810, 0.0013420,Standard,
112, 0.3123850,"Probably Prime, Probable Aux Primes", 0.0001810, 0.0004010,Quintuple,
112, 0.3895800,Provably Prime, 0.0002270, 0.0004870,Quintuple,
112, 0.6770240,Probably Prime, 0.0001950, 0.0013590,Standard,
112, 0.1167330,"Probably Prime, Provable Aux Primes", 0.0001800, 0.0004050,Quintuple,
112, 0.1336510,Probably Prime, 0.0002300, 0.0016440,Standard,
112, 0.2096930,"Probably Prime, Probable Aux Primes", 0.0001790, 0.0004080,Quintuple,
112, 0.2088840,Probably Prime, 0.0002000, 0.0003930,Quintuple,
112, 0.2825920,Provably Prime, 0.0001830, 0.0004080,Quintuple,
112, 0.2969130,"Probably Prime, Provable Aux Primes", 0.0001830, 0.0013510,Standard,
112, 0.2926550,Provably Prime, 0.0001830, 0.0013660,Standard,
112, 0.3472320,"Probably Prime, Probable Aux Primes", 0.0001800, 0.0013440,Standard,
112, 0.3873840,"Provably Prime, Aux Primes", 0.0001840, 0.0013490,Standard,
112, 0.8911730,"Provably Prime, Aux Primes", 0.0002630, 0.0008480,Quintuple,
112, 0.0959510,"Probably Prime, Provable Aux Primes", 0.0001860, 0.0013580,Standard,
112, 0.1025340,"Provably Prime, Aux Primes", 0.0001820, 0.0003930,Quintuple,
112, 0.1335390,Probably Prime, 0.0001850, 0.0004100,Quintuple,
112, 0.1939420,"Probably Prime, Probable Aux Primes", 0.0001870, 0.0013430,Standard,
112, 0.1931500,"Probably Prime, Provable Aux Primes", 0.0001970, 0.0005150,Quintuple,
112, 0.1998460,Probably Prime, 0.0001930, 0.0013880,Standard,
112, 0.2265120,"Provably Prime, Aux Primes", 0.0001810, 0.0013390,Standard,
112, 0.2407500,"Probably Prime, Probable Aux Primes", 0.0001870, 0.0003970,Quintuple,
112, 0.3474280,Provably Prime, 0.0001850, 0.0013670,Standard,
112, 0.5146150,Provably Prime, 0.0006040, 0.0005800,Quintuple,
112, 0.0731930,Probably Prime, 0.0001800, 0.0013420,Standard,
112, 0.1373190,"Probably Prime, Provable Aux Primes", 0.0001940, 0.0003940,Quintuple,
112, 0.1587740,"Probably Prime, Provable Aux Primes", 0.0002040, 0.0013720,Standard,
112, 0.2209820,Probably Prime, 0.0001810, 0.0003960,Quintuple,
112, 0.2462880,"Probably Prime, Probable Aux Primes", 0.0001840, 0.0015850,Standard,
112, 0.2717900,"Probably Prime, Probable Aux Primes", 0.0001830, 0.0003980,Quintuple,
112, 0.2845250,"Provably Prime, Aux Primes", 0.0006970, 0.0011140,Quintuple,
112, 0.3114080,Provably Prime, 0.0001880, 0.0003940,Quintuple,
112, 0.4291540,"Provably Prime, Aux Primes", 0.0001790, 0.0013460,Standard,
112, 0.4603120,Provably Prime, 0.0001820, 0.0013530,Standard,
128, 0.1502190,"Probably Prime, Provable Aux Primes", 0.0003920, 0.0011860,Quintuple,
128, 0.2038990,"Probably Prime, Provable Aux Primes", 0.0004050, 0.0043990,Standard,
128, 0.5037210,"Probably Prime, Probable Aux Primes", 0.0004100, 0.0011940,Quintuple,
128, 0.6446670,Probably Prime, 0.0004050, 0.0044040,Standard,
128, 0.6831730,Provably Prime, 0.0003960, 0.0044380,Standard,
128, 0.7546540,Probably Prime, 0.0003930, 0.0012090,Quintuple,
128, 1.2812470,"Provably Prime, Aux Primes", 0.0003960, 0.0044580,Standard,
128, 1.5392940,"Probably Prime, Probable Aux Primes", 0.0003970, 0.0043850,Standard,
128, 1.7600920,Provably Prime, 0.0004060, 0.0011860,Quintuple,
128, 1.9261320,"Provably Prime, Aux Primes", 0.0005140, 0.0015060,Quintuple,
128, 0.2848940,Probably Prime, 0.0003930, 0.0044000,Standard,
128, 0.5260750,"Probably Prime, Probable Aux Primes", 0.0003840, 0.0011980,Quintuple,
128, 0.5374030,Probably Prime, 0.0003910, 0.0011940,Quintuple,
128, 0.5575760,"Probably Prime, Provable Aux Primes", 0.0003980, 0.0045070,Standard,
128, 0.7205150,Provably Prime, 0.0004100, 0.0012170,Quintuple,
128, 0.9528040,"Provably Prime, Aux Primes", 0.0004020, 0.0045180,Standard,
128, 1.1508100,"Probably Prime, Provable Aux Primes", 0.0004220, 0.0013580,Quintuple,
128, 1.3767460,Provably Prime, 0.0003940, 0.0045410,Standard,
128, 1.6528590,"Provably Prime, Aux Primes", 0.0004000, 0.0013090,Quintuple,
128, 2.4560070,"Probably Prime, Probable Aux Primes", 0.0003970, 0.0051730,Standard,
128, 0.2058940,Probably Prime, 0.0003950, 0.0012210,Quintuple,
128, 0.3656010,"Probably Prime, Provable Aux Primes", 0.0004010, 0.0012250,Quintuple,
128, 0.4130640,"Probably Prime, Probable Aux Primes", 0.0005570, 0.0012150,Quintuple,
128, 0.5800380,"Probably Prime, Provable Aux Primes", 0.0004010, 0.0052830,Standard,
128, 0.6929690,Provably Prime, 0.0003980, 0.0044540,Standard,
128, 1.0320050,"Probably Prime, Probable Aux Primes", 0.0003940, 0.0044480,Standard,
128, 1.0861570,"Provably Prime, Aux Primes", 0.0003980, 0.0052070,Standard,
128, 1.2359310,Probably Prime, 0.0003920, 0.0044400,Standard,
128, 1.4153560,"Provably Prime, Aux Primes", 0.0004020, 0.0018370,Quintuple,
128, 2.4997800,Provably Prime, 0.0004210, 0.0015630,Quintuple,
128, 0.1932360,Probably Prime, 0.0004240, 0.0045710,Standard,
128, 0.3559160,"Probably Prime, Probable Aux Primes", 0.0003990, 0.0012310,Quintuple,
128, 0.3605980,Probably Prime, 0.0003950, 0.0012070,Quintuple,
128, 0.3881810,"Probably Prime, Provable Aux Primes", 0.0003920, 0.0012110,Quintuple,
128, 0.4442690,Provably Prime, 0.0004090, 0.0044340,Standard,
128, 0.4686630,"Probably Prime, Probable Aux Primes", 0.0004000, 0.0044670,Standard,
128, 0.5042470,"Probably Prime, Provable Aux Primes", 0.0004090, 0.0044250,Standard,
128, 0.6417210,Provably Prime, 0.0004140, 0.0011980,Quintuple,
128, 0.9982280,"Provably Prime, Aux Primes", 0.0003990, 0.0011960,Quintuple,
128, 1.4395110,"Provably Prime, Aux Primes", 0.0004250, 0.0044700,Standard,
128, 0.3257770,Probably Prime, 0.0003910, 0.0044590,Standard,
128, 0.3910510,"Probably Prime, Provable Aux Primes", 0.0004080, 0.0013260,Quintuple,
128, 0.4061700,"Probably Prime, Probable Aux Primes", 0.0003940, 0.0012050,Quintuple,
128, 0.5018900,"Provably Prime, Aux Primes", 0.0003980, 0.0012130,Quintuple,
128, 0.5057420,Probably Prime, 0.0003960, 0.0012220,Quintuple,
128, 0.7306630,"Probably Prime, Provable Aux Primes", 0.0004610, 0.0045130,Standard,
128, 0.7467760,Provably Prime, 0.0004010, 0.0045100,Standard,
128, 0.8994830,Provably Prime, 0.0005420, 0.0012960,Quintuple,
128, 0.9532500,"Probably Prime, Probable Aux Primes", 0.0003920, 0.0052200,Standard,
128, 2.7053430,"Provably Prime, Aux Primes", 0.0006190, 0.0069910,Standard,
128, 0.2572420,Probably Prime, 0.0004060, 0.0012120,Quintuple,
128, 0.2625550,"Probably Prime, Provable Aux Primes", 0.0004070, 0.0012080,Quintuple,
128, 0.3352290,Probably Prime, 0.0003910, 0.0044520,Standard,
128, 0.3645120,"Probably Prime, Probable Aux Primes", 0.0004060, 0.0012030,Quintuple,
128, 0.4573470,"Probably Prime, Provable Aux Primes", 0.0003900, 0.0044400,Standard,
128, 0.4877870,"Provably Prime, Aux Primes", 0.0005030, 0.0044290,Standard,
128, 0.9244900,Provably Prime, 0.0003980, 0.0019290,Quintuple,
128, 1.0889080,"Probably Prime, Probable Aux Primes", 0.0004020, 0.0044480,Standard,
128, 1.4878920,Provably Prime, 0.0003990, 0.0044660,Standard,
128, 3.1094550,"Provably Prime, Aux Primes", 0.0003970, 0.0012270,Quintuple,
128, 0.2319520,Probably Prime, 0.0004020, 0.0044870,Standard,
128, 0.3231860,Probably Prime, 0.0003910, 0.0012140,Quintuple,
128, 0.3644780,"Probably Prime, Provable Aux Primes", 0.0004110, 0.0045030,Standard,
128, 0.4943630,"Probably Prime, Probable Aux Primes", 0.0003940, 0.0044670,Standard,
128, 0.6845990,"Provably Prime, Aux Primes", 0.0004060, 0.0045330,Standard,
128, 0.7536500,Provably Prime, 0.0004090, 0.0044430,Standard,
128, 0.9760560,"Probably Prime, Probable Aux Primes", 0.0003970, 0.0012160,Quintuple,
128, 1.5465650,Provably Prime, 0.0003950, 0.0012100,Quintuple,
128, 1.7841350,"Probably Prime, Provable Aux Primes", 0.0004030, 0.0012180,Quintuple,
128, 2.6965860,"Provably Prime, Aux Primes", 0.0005010, 0.0015250,Quintuple,
128, 0.2491500,Probably Prime, 0.0004030, 0.0044620,Standard,
128, 0.3328620,"Probably Prime, Probable Aux Primes", 0.0003950, 0.0012020,Quintuple,
128, 0.4057000,"Probably Prime, Probable Aux Primes", 0.0003990, 0.0045320,Standard,
128, 0.5617030,Provably Prime, 0.0003940, 0.0012160,Quintuple,
128, 0.5587110,Probably Prime, 0.0004050, 0.0012070,Quintuple,
128, 0.7483430,"Probably Prime, Provable Aux Primes", 0.0003990, 0.0015810,Quintuple,
128, 1.0439880,Provably Prime, 0.0004060, 0.0046420,Standard,
128, 1.0760510,"Provably Prime, Aux Primes", 0.0004130, 0.0012000,Quintuple,
128, 1.0872150,"Probably Prime, Provable Aux Primes", 0.0003890, 0.0048730,Standard,
128, 3.9396010,"Provably Prime, Aux Primes", 0.0004030, 0.0044450,Standard,
128, 0.1920920,"Probably Prime, Provable Aux Primes", 0.0004070, 0.0044450,Standard,
128, 0.2822150,"Probably Prime, Probable Aux Primes", 0.0004250, 0.0044760,Standard,
128, 0.3806200,Probably Prime, 0.0003920, 0.0044240,Standard,
128, 0.4363810,Probably Prime, 0.0004060, 0.0012150,Quintuple,
128, 0.5736460,"Probably Prime, Probable Aux Primes", 0.0003990, 0.0012140,Quintuple,
128, 0.6195230,"Provably Prime, Aux Primes", 0.0004040, 0.0044910,Standard,
128, 0.8676460,Provably Prime, 0.0003950, 0.0012040,Quintuple,
128, 1.1340260,"Probably Prime, Provable Aux Primes", 0.0003930, 0.0012120,Quintuple,
128, 2.2149050,"Provably Prime, Aux Primes", 0.0003980, 0.0012280,Quintuple,
128, 2.2257570,Provably Prime, 0.0003970, 0.0047360,Standard,
128, 0.1724970,"Probably Prime, Probable Aux Primes", 0.0004100, 0.0012000,Quintuple,
128, 0.2020530,Probably Prime, 0.0004080, 0.0012100,Quintuple,
128, 0.2937340,"Probably Prime, Provable Aux Primes", 0.0004030, 0.0012860,Quintuple,
128, 0.3699410,Probably Prime, 0.0004130, 0.0044840,Standard,
128, 0.8032860,"Probably Prime, Provable Aux Primes", 0.0003840, 0.0044520,Standard,
128, 1.1042490,"Probably Prime, Probable Aux Primes", 0.0003990, 0.0045220,Standard,
128, 1.1765080,Provably Prime, 0.0003910, 0.0012330,Quintuple,
128, 1.5368800,"Provably Prime, Aux Primes", 0.0003930, 0.0015410,Quintuple,
128, 1.5448130,Provably Prime, 0.0003970, 0.0044380,Standard,
128, 1.6723890,"Provably Prime, Aux Primes", 0.0005750, 0.0057770,Standard,
192, 6.1500560,"Probably Prime, Probable Aux Primes", 0.0024380, 0.0686750,Standard,
192, 6.3117060,"Probably Prime, Provable Aux Primes", 0.0024200, 0.0235040,Quintuple,
192, 7.2742730,"Probably Prime, Provable Aux Primes", 0.0024540, 0.0694680,Standard,
192,10.2200570,Probably Prime, 0.0023940, 0.0678310,Standard,
192,10.3257680,Provably Prime, 0.0024400, 0.0708590,Standard,
192,12.2722110,"Probably Prime, Probable Aux Primes", 0.0023960, 0.0227690,Quintuple,
192,14.7825930,"Provably Prime, Aux Primes", 0.0024330, 0.0231370,Quintuple,
192,21.8663870,Probably Prime, 0.0024580, 0.0232040,Quintuple,
192,33.1898290,Provably Prime, 0.0024470, 0.0241280,Quintuple,
192,113.0416450,"Provably Prime, Aux Primes", 0.0031190, 0.0766940,Standard,
192, 2.3230000,Provably Prime, 0.0024450, 0.0237020,Quintuple,
192, 7.0275900,Probably Prime, 0.0024020, 0.0235190,Quintuple,
192, 8.9717520,"Probably Prime, Probable Aux Primes", 0.0024180, 0.0234380,Quintuple,
192, 9.3142120,"Probably Prime, Probable Aux Primes", 0.0024680, 0.0681060,Standard,
192,10.0045070,Probably Prime, 0.0026920, 0.0701210,Standard,
192,14.4574110,"Probably Prime, Provable Aux Primes", 0.0023770, 0.0233930,Quintuple,
192,16.0857590,"Probably Prime, Provable Aux Primes", 0.0024840, 0.0674480,Standard,
192,28.1835060,"Provably Prime, Aux Primes", 0.0024250, 0.0232250,Quintuple,
192,29.5743400,Provably Prime, 0.0025070, 0.0708800,Standard,
192,54.2571430,"Provably Prime, Aux Primes", 0.0024020, 0.0701860,Standard,
192, 6.4337190,"Probably Prime, Provable Aux Primes", 0.0024740, 0.0238200,Quintuple,
192, 7.4399900,Probably Prime, 0.0024590, 0.0699300,Standard,
192, 9.1813710,"Probably Prime, Probable Aux Primes", 0.0024300, 0.0678570,Standard,
192,15.0382540,"Probably Prime, Provable Aux Primes", 0.0024330, 0.0686080,Standard,
192,15.4091180,Probably Prime, 0.0024250, 0.0242620,Quintuple,
192,19.3430850,"Probably Prime, Probable Aux Primes", 0.0024730, 0.0239830,Quintuple,
192,24.4315910,Provably Prime, 0.0024850, 0.0699160,Standard,
192,28.9725550,Provably Prime, 0.0024260, 0.0241570,Quintuple,
192,31.7051050,"Provably Prime, Aux Primes", 0.0024470, 0.0692140,Standard,
192,58.1033190,"Provably Prime, Aux Primes", 0.0024580, 0.0269820,Quintuple,
192, 5.4249080,Provably Prime, 0.0024840, 0.0681910,Standard,
192, 5.8456070,"Probably Prime, Probable Aux Primes", 0.0024360, 0.0681960,Standard,
192, 8.3681050,"Probably Prime, Provable Aux Primes", 0.0024620, 0.0674960,Standard,
192,14.9794890,"Probably Prime, Provable Aux Primes", 0.0024050, 0.0235670,Quintuple,
192,19.8715670,Probably Prime, 0.0024830, 0.0229260,Quintuple,
192,23.6147120,Provably Prime, 0.0024890, 0.0227840,Quintuple,
192,23.7975110,Probably Prime, 0.0024410, 0.0696810,Standard,
192,44.8245320,"Probably Prime, Probable Aux Primes", 0.0024670, 0.0234680,Quintuple,
192,54.7543910,"Provably Prime, Aux Primes", 0.0025200, 0.0237040,Quintuple,
192,64.3831800,"Provably Prime, Aux Primes", 0.0025400, 0.0710610,Standard,
192, 8.3822590,"Probably Prime, Provable Aux Primes", 0.0024190, 0.0229800,Quintuple,
192, 8.6623280,Provably Prime, 0.0025180, 0.0684290,Standard,
192,10.0646040,Probably Prime, 0.0024160, 0.0234760,Quintuple,
192,11.5774530,"Probably Prime, Probable Aux Primes", 0.0025530, 0.0680800,Standard,
192,13.5922750,"Probably Prime, Probable Aux Primes", 0.0024520, 0.0236790,Quintuple,
192,14.4758220,"Probably Prime, Provable Aux Primes", 0.0025410, 0.0734890,Standard,
192,19.0400480,"Provably Prime, Aux Primes", 0.0024370, 0.0681770,Standard,
192,27.6671620,"Provably Prime, Aux Primes", 0.0024580, 0.0235310,Quintuple,
192,28.6406320,Provably Prime, 0.0024260, 0.0245920,Quintuple,
192,29.9406530,Probably Prime, 0.0024340, 0.0711510,Standard,
192, 8.8860160,Probably Prime, 0.0024180, 0.0704880,Standard,
192,10.7273700,"Probably Prime, Provable Aux Primes", 0.0024000, 0.0237180,Quintuple,
192,11.3727220,Provably Prime, 0.0024460, 0.0692560,Standard,
192,11.7830090,"Probably Prime, Probable Aux Primes", 0.0025630, 0.0240860,Quintuple,
192,12.0752170,Probably Prime, 0.0024530, 0.0232030,Quintuple,
192,12.2160200,"Probably Prime, Provable Aux Primes", 0.0024400, 0.0700410,Standard,
192,13.2376640,"Provably Prime, Aux Primes", 0.0024260, 0.0788090,Standard,
192,20.4374520,"Probably Prime, Probable Aux Primes", 0.0023840, 0.0687470,Standard,
192,23.6717650,"Provably Prime, Aux Primes", 0.0024470, 0.0240170,Quintuple,
192,64.8100600,Provably Prime, 0.0024170, 0.0301900,Quintuple,
192, 4.5994260,Probably Prime, 0.0024330, 0.0691730,Standard,
192, 6.3816990,"Probably Prime, Probable Aux Primes", 0.0024390, 0.0679940,Standard,
192, 7.4040630,"Probably Prime, Probable Aux Primes", 0.0024000, 0.0237890,Quintuple,
192,10.6314320,Probably Prime, 0.0024410, 0.0233430,Quintuple,
192,12.3918330,Provably Prime, 0.0024550, 0.0687050,Standard,
192,21.6431800,"Probably Prime, Provable Aux Primes", 0.0023990, 0.0687000,Standard,
192,27.3213860,"Probably Prime, Provable Aux Primes", 0.0024580, 0.0235510,Quintuple,
192,34.4162950,"Provably Prime, Aux Primes", 0.0024490, 0.0238920,Quintuple,
192,50.5278970,"Provably Prime, Aux Primes", 0.0024630, 0.0725510,Standard,
192,87.3965510,Provably Prime, 0.0023890, 0.0253730,Quintuple,
192, 7.4499000,"Probably Prime, Provable Aux Primes", 0.0024490, 0.0697680,Standard,
192, 8.0102610,"Probably Prime, Probable Aux Primes", 0.0024700, 0.0694930,Standard,
192, 9.2897920,"Probably Prime, Provable Aux Primes", 0.0024930, 0.0238930,Quintuple,
192,16.8281330,Probably Prime, 0.0025220, 0.0228200,Quintuple,
192,17.7450000,Provably Prime, 0.0024500, 0.0238870,Quintuple,
192,23.0761560,"Probably Prime, Probable Aux Primes", 0.0024120, 0.0235560,Quintuple,
192,28.6634520,Probably Prime, 0.0028340, 0.0705250,Standard,
192,32.0646070,"Provably Prime, Aux Primes", 0.0024180, 0.0226140,Quintuple,
192,35.2360790,"Provably Prime, Aux Primes", 0.0024800, 0.0694700,Standard,
192,63.7813330,Provably Prime, 0.0024360, 0.0703090,Standard,
192, 4.5090960,"Probably Prime, Probable Aux Primes", 0.0024300, 0.0686690,Standard,
192, 7.0035780,"Probably Prime, Provable Aux Primes", 0.0024440, 0.0228110,Quintuple,
192, 7.3297940,"Probably Prime, Probable Aux Primes", 0.0024390, 0.0237660,Quintuple,
192,12.6198370,"Probably Prime, Provable Aux Primes", 0.0024280, 0.0691670,Standard,
192,16.8468580,Probably Prime, 0.0024000, 0.0690330,Standard,
192,22.2913160,Probably Prime, 0.0024330, 0.0236260,Quintuple,
192,28.6386250,"Provably Prime, Aux Primes", 0.0024400, 0.0683030,Standard,
192,39.6942410,Provably Prime, 0.0024480, 0.0240310,Quintuple,
192,47.9076300,"Provably Prime, Aux Primes", 0.0024790, 0.0240750,Quintuple,
192,50.6775980,Provably Prime, 0.0024770, 0.0688590,Standard,
192, 5.8985280,"Probably Prime, Provable Aux Primes", 0.0024540, 0.0696810,Standard,
192, 6.2104070,"Probably Prime, Probable Aux Primes", 0.0024120, 0.0681850,Standard,
192, 6.4129870,"Probably Prime, Provable Aux Primes", 0.0024510, 0.0249250,Quintuple,
192, 6.8313120,"Probably Prime, Probable Aux Primes", 0.0024330, 0.0231890,Quintuple,
192,12.4823290,"Provably Prime, Aux Primes", 0.0024080, 0.0228330,Quintuple,
192,16.8733170,Probably Prime, 0.0024660, 0.0702920,Standard,
192,20.9768210,"Provably Prime, Aux Primes", 0.0024770, 0.0682560,Standard,
192,21.0556370,Probably Prime, 0.0024020, 0.0244930,Quintuple,
192,24.3081850,Provably Prime, 0.0024170, 0.0689550,Standard,
192,26.8512500,Provably Prime, 0.0038700, 0.0300260,Quintuple,
256,59.6602060,Probably Prime, 0.0120900, 0.7447170,Standard,
256,62.0325190,"Probably Prime, Provable Aux Primes", 0.0134440, 0.1850640,Quintuple,
256,90.1503090,"Provably Prime, Aux Primes", 0.0111970, 0.1589830,Quintuple,
256,98.1970890,"Probably Prime, Probable Aux Primes", 0.0120620, 0.6878260,Standard,
256,138.4167430,"Probably Prime, Provable Aux Primes", 0.0104580, 0.5814810,Standard,
256,195.1796240,"Provably Prime, Aux Primes", 0.0096700, 0.5440200,Standard,
256,227.4837080,Probably Prime, 0.0097610, 0.1368770,Quintuple,
256,241.6544210,"Probably Prime, Probable Aux Primes", 0.0101040, 0.1379180,Quintuple,
256,358.8641430,Provably Prime, 0.0096910, 0.1368310,Quintuple,
256,484.0888850,Provably Prime, 0.0125920, 0.5800250,Standard,
256,62.8002150,"Probably Prime, Provable Aux Primes", 0.0121700, 0.1722920,Quintuple,
256,75.1923060,Probably Prime, 0.0103110, 0.5989060,Standard,
256,91.3997660,"Probably Prime, Probable Aux Primes", 0.0172740, 0.9891220,Standard,
256,102.6728070,Provably Prime, 0.0121790, 0.6843860,Standard,
256,109.8308030,Probably Prime, 0.0119220, 0.1558900,Quintuple,
256,123.9720970,"Probably Prime, Provable Aux Primes", 0.0098570, 0.5416460,Standard,
256,126.9929630,"Probably Prime, Probable Aux Primes", 0.0098240, 0.1358530,Quintuple,
256,163.7450800,"Provably Prime, Aux Primes", 0.0102760, 0.5443140,Standard,
256,296.0161030,"Provably Prime, Aux Primes", 0.0099390, 0.1404660,Quintuple,
256,449.1989610,Provably Prime, 0.0120210, 0.4160180,Quintuple,
256,39.6388980,"Probably Prime, Provable Aux Primes", 0.0110400, 0.6249950,Standard,
256,55.9748620,"Probably Prime, Probable Aux Primes", 0.0112410, 0.1806260,Quintuple,
256,58.4466250,"Provably Prime, Aux Primes", 0.0111240, 0.6680650,Standard,
256,70.4016040,Probably Prime, 0.0102650, 0.5833570,Standard,
256,73.4393920,"Probably Prime, Probable Aux Primes", 0.0102540, 0.5763600,Standard,
256,105.4697630,Probably Prime, 0.0097700, 0.1362660,Quintuple,
256,203.4891760,"Probably Prime, Provable Aux Primes", 0.0096880, 0.1479170,Quintuple,
256,380.9603170,"Provably Prime, Aux Primes", 0.0098050, 0.1372470,Quintuple,
256,586.1136730,Provably Prime, 0.0104660, 0.5515270,Standard,
256,725.0537690,Provably Prime, 0.0127090, 0.1579670,Quintuple,
256,32.7311220,"Probably Prime, Probable Aux Primes", 0.0098680, 0.5573430,Standard,
256,44.9962350,"Probably Prime, Provable Aux Primes", 0.0097510, 0.1365010,Quintuple,
256,54.4255520,"Probably Prime, Provable Aux Primes", 0.0094490, 0.5489700,Standard,
256,66.9589110,"Probably Prime, Probable Aux Primes", 0.0098030, 0.1360590,Quintuple,
256,81.6071800,Probably Prime, 0.0096090, 0.5391990,Standard,
256,115.0860730,"Provably Prime, Aux Primes", 0.0096150, 0.1355560,Quintuple,
256,121.1003000,Provably Prime, 0.0102290, 0.5778160,Standard,
256,177.0284150,Probably Prime, 0.0097220, 0.1361790,Quintuple,
256,272.6287190,Provably Prime, 0.0094940, 0.1396760,Quintuple,
256,586.8613670,"Provably Prime, Aux Primes", 0.0097870, 0.6326340,Standard,
256,27.1832370,Probably Prime, 0.0097960, 0.1358950,Quintuple,
256,37.1243200,"Probably Prime, Probable Aux Primes", 0.0096200, 0.1360000,Quintuple,
256,45.0723340,"Probably Prime, Probable Aux Primes", 0.0097330, 0.5443330,Standard,
256,47.6461680,Probably Prime, 0.0096840, 0.5526050,Standard,
256,78.6120210,"Probably Prime, Provable Aux Primes", 0.0097280, 0.1369350,Quintuple,
256,92.3343820,"Probably Prime, Provable Aux Primes", 0.0097220, 0.5424830,Standard,
256,316.7316680,"Provably Prime, Aux Primes", 0.0098410, 0.1380300,Quintuple,
256,473.7284870,"Provably Prime, Aux Primes", 0.0094840, 0.5513540,Standard,
256,620.4841450,Provably Prime, 0.0098080, 0.1410880,Quintuple,
256,734.7595410,Provably Prime, 0.0125620, 0.6269090,Standard,
256,67.0692490,"Probably Prime, Probable Aux Primes", 0.0096080, 0.1368870,Quintuple,
256,67.1975510,Provably Prime, 0.0097530, 0.1386310,Quintuple,
256,68.5851760,"Probably Prime, Probable Aux Primes", 0.0096680, 0.5413810,Standard,
256,69.3405630,"Probably Prime, Provable Aux Primes", 0.0097140, 0.5412780,Standard,
256,95.5778280,Probably Prime, 0.0115200, 0.1579230,Quintuple,
256,139.8909060,"Provably Prime, Aux Primes", 0.0094510, 0.5426860,Standard,
256,164.3666380,Probably Prime, 0.0096840, 0.5516780,Standard,
256,171.5637490,"Probably Prime, Provable Aux Primes", 0.0097010, 0.1352950,Quintuple,
256,246.7708370,"Provably Prime, Aux Primes", 0.0097260, 0.1463340,Quintuple,
256,259.4629190,Provably Prime, 0.0095890, 0.6364950,Standard,
256,86.4933710,Probably Prime, 0.0118360, 0.1508140,Quintuple,
256,98.2833380,"Probably Prime, Probable Aux Primes", 0.0122200, 0.6872340,Standard,
256,105.3285920,"Probably Prime, Provable Aux Primes", 0.0118350, 0.6789340,Standard,
256,139.1959550,"Probably Prime, Provable Aux Primes", 0.0114320, 0.1557810,Quintuple,
256,142.4711140,Probably Prime, 0.0101420, 0.5708650,Standard,
256,218.9142180,"Probably Prime, Probable Aux Primes", 0.0096380, 0.1350570,Quintuple,
256,288.1203130,Provably Prime, 0.0095220, 0.1361920,Quintuple,
256,420.5553490,"Provably Prime, Aux Primes", 0.0094010, 0.5410580,Standard,
256,422.8171350,"Provably Prime, Aux Primes", 0.0100660, 0.1347470,Quintuple,
256,722.2206870,Provably Prime, 0.0100660, 0.7751570,Standard,
256,43.8457170,"Probably Prime, Provable Aux Primes", 0.0097280, 0.5370310,Standard,
256,47.6642750,"Probably Prime, Probable Aux Primes", 0.0095180, 0.1358870,Quintuple,
256,82.7233300,Probably Prime, 0.0101120, 0.1377150,Quintuple,
256,86.3562830,"Probably Prime, Provable Aux Primes", 0.0093170, 0.1302410,Quintuple,
256,136.4427730,"Probably Prime, Probable Aux Primes", 0.0103460, 0.5784980,Standard,
256,150.3527600,Probably Prime, 0.0096740, 0.5513130,Standard,
256,315.6168000,"Provably Prime, Aux Primes", 0.0095860, 0.5419860,Standard,
256,349.5090890,Provably Prime, 0.0098670, 0.5588810,Standard,
256,380.0898150,"Provably Prime, Aux Primes", 0.0102740, 0.1432830,Quintuple,
256,508.7019980,Provably Prime, 0.0115380, 0.1548340,Quintuple,
256,22.4757320,"Probably Prime, Probable Aux Primes", 0.0097920, 0.5419900,Standard,
256,34.7178470,Probably Prime, 0.0098410, 0.5482630,Standard,
256,41.1157270,"Probably Prime, Provable Aux Primes", 0.0110090, 0.1567270,Quintuple,
256,45.4021990,Probably Prime, 0.0116160, 0.1572640,Quintuple,
256,87.3761820,"Probably Prime, Provable Aux Primes", 0.0094980, 0.5417660,Standard,
256,101.9885790,"Probably Prime, Probable Aux Primes", 0.0096450, 0.1360380,Quintuple,
256,160.7913380,Provably Prime, 0.0098000, 0.5451060,Standard,
256,303.7774970,"Provably Prime, Aux Primes", 0.0100990, 0.1393400,Quintuple,
256,306.7295100,Provably Prime, 0.0104460, 0.1384130,Quintuple,
256,915.4383440,"Provably Prime, Aux Primes", 0.0098080, 0.6651640,Standard,
256,83.8625150,"Probably Prime, Provable Aux Primes", 0.0099000, 0.1376010,Quintuple,
256,90.5594870,"Probably Prime, Probable Aux Primes", 0.0125940, 0.1753440,Quintuple,
256,94.4330930,Probably Prime, 0.0123260, 0.6858750,Standard,
256,104.4951290,"Probably Prime, Provable Aux Primes", 0.0101580, 0.5805730,Standard,
256,131.9717730,"Probably Prime, Probable Aux Primes", 0.0098730, 0.0602190,Standard,
256,165.2029940,Provably Prime, 0.0096700, 0.1416700,Quintuple,
256,337.3803950,Probably Prime, 0.0097920, 0.1367680,Quintuple,
256,486.5264710,Provably Prime, 0.0095130, 0.5477300,Standard,
256,534.8448880,"Provably Prime, Aux Primes", 0.0101950, 0.1400840,Quintuple,
256,720.5735190,"Provably Prime, Aux Primes", 0.0129070, 0.6230260,Standard,
112, 0.1078400,"Probably Prime, Probable Aux Primes", 0.0001800, 0.0004040,Quintuple,
112, 0.1378330,Probably Prime, 0.0001820, 0.0004200,Quintuple,
112, 0.1374370,"Probably Prime, Probable Aux Primes", 0.0001810, 0.0013610,Standard,
112, 0.1826170,"Provably Prime, Aux Primes", 0.0003420, 0.0003900,Quintuple,
112, 0.2663880,"Provably Prime, Aux Primes", 0.0001830, 0.0013630,Standard,
112, 0.2685940,"Probably Prime, Provable Aux Primes", 0.0001810, 0.0013630,Standard,
112, 0.3462700,Provably Prime, 0.0001790, 0.0003910,Quintuple,
112, 0.3561740,Provably Prime, 0.0001910, 0.0016370,Standard,
112, 0.4242540,"Probably Prime, Provable Aux Primes", 0.0002280, 0.0004020,Quintuple,
112, 0.5012420,Probably Prime, 0.0001800, 0.0013650,Standard,
112, 0.0815270,Probably Prime, 0.0001810, 0.0023510,Standard,
112, 0.0795520,"Probably Prime, Provable Aux Primes", 0.0001890, 0.0027550,Standard,
112, 0.0901700,"Probably Prime, Provable Aux Primes", 0.0001780, 0.0004010,Quintuple,
112, 0.1272780,Probably Prime, 0.0001800, 0.0004470,Quintuple,
112, 0.2123440,"Probably Prime, Probable Aux Primes", 0.0001820, 0.0003930,Quintuple,
112, 0.2961200,"Probably Prime, Probable Aux Primes", 0.0001840, 0.0013330,Standard,
112, 0.3931920,Provably Prime, 0.0001810, 0.0003910,Quintuple,
112, 0.4216740,"Provably Prime, Aux Primes", 0.0001820, 0.0013410,Standard,
112, 0.6353830,Provably Prime, 0.0001810, 0.0013130,Standard,
112, 0.9662590,"Provably Prime, Aux Primes", 0.0001860, 0.0003890,Quintuple,
112, 0.1000570,"Probably Prime, Provable Aux Primes", 0.0001800, 0.0003950,Quintuple,
112, 0.1562280,Provably Prime, 0.0001890, 0.0013310,Standard,
112, 0.1633120,"Provably Prime, Aux Primes", 0.0001780, 0.0004000,Quintuple,
112, 0.1570670,Probably Prime, 0.0001800, 0.0018170,Standard,
112, 0.1958990,Probably Prime, 0.0001830, 0.0003880,Quintuple,
112, 0.2887920,Provably Prime, 0.0001800, 0.0003920,Quintuple,
112, 0.3189280,"Provably Prime, Aux Primes", 0.0001920, 0.0017560,Standard,
112, 0.3252570,"Probably Prime, Probable Aux Primes", 0.0001810, 0.0004050,Quintuple,
112, 0.3796920,"Probably Prime, Provable Aux Primes", 0.0002230, 0.0013270,Standard,
112, 0.3892340,"Probably Prime, Probable Aux Primes", 0.0001800, 0.0013360,Standard,
112, 0.0669140,"Probably Prime, Probable Aux Primes", 0.0002690, 0.0017900,Standard,
112, 0.1199960,"Provably Prime, Aux Primes", 0.0001800, 0.0004000,Quintuple,
112, 0.1292050,"Probably Prime, Provable Aux Primes", 0.0002810, 0.0004410,Quintuple,
112, 0.1275960,"Probably Prime, Probable Aux Primes", 0.0001810, 0.0007840,Quintuple,
112, 0.1651650,"Provably Prime, Aux Primes", 0.0001820, 0.0013460,Standard,
112, 0.1818780,Provably Prime, 0.0001790, 0.0003920,Quintuple,
112, 0.1861690,Probably Prime, 0.0001770, 0.0004040,Quintuple,
112, 0.2663150,Probably Prime, 0.0001890, 0.0013270,Standard,
112, 0.3197900,Provably Prime, 0.0002850, 0.0016850,Standard,
112, 0.3262960,"Probably Prime, Provable Aux Primes", 0.0001810, 0.0013260,Standard,
112, 0.0524270,Probably Prime, 0.0001800, 0.0004040,Quintuple,
112, 0.0866860,"Probably Prime, Probable Aux Primes", 0.0001800, 0.0004050,Quintuple,
112, 0.1007040,"Probably Prime, Probable Aux Primes", 0.0001930, 0.0013300,Standard,
112, 0.1619690,"Provably Prime, Aux Primes", 0.0002450, 0.0004510,Quintuple,
112, 0.2128820,Provably Prime, 0.0001820, 0.0004000,Quintuple,
112, 0.2109910,"Probably Prime, Provable Aux Primes", 0.0004310, 0.0020490,Standard,
112, 0.2262620,"Probably Prime, Provable Aux Primes", 0.0002020, 0.0003910,Quintuple,
112, 0.3132840,Probably Prime, 0.0001740, 0.0013260,Standard,
112, 0.4242510,"Provably Prime, Aux Primes", 0.0001830, 0.0013390,Standard,
112, 0.5387680,Provably Prime, 0.0001820, 0.0013450,Standard,
112, 0.0940250,Probably Prime, 0.0001810, 0.0003940,Quintuple,
112, 0.1023970,Probably Prime, 0.0001790, 0.0014840,Standard,
112, 0.1255550,"Probably Prime, Probable Aux Primes", 0.0001800, 0.0013920,Standard,
112, 0.1407760,"Probably Prime, Probable Aux Primes", 0.0001770, 0.0004020,Quintuple,
112, 0.2684120,Provably Prime, 0.0002070, 0.0004050,Quintuple,
112, 0.3047360,"Probably Prime, Provable Aux Primes", 0.0001790, 0.0003920,Quintuple,
112, 0.2990340,Provably Prime, 0.0001840, 0.0013410,Standard,
112, 0.3341930,"Provably Prime, Aux Primes", 0.0002160, 0.0013690,Standard,
112, 0.3679760,"Probably Prime, Provable Aux Primes", 0.0001760, 0.0013420,Standard,
112, 0.4974430,"Provably Prime, Aux Primes", 0.0002300, 0.0005040,Quintuple,
112, 0.0667030,Probably Prime, 0.0001780, 0.0020840,Standard,
112, 0.0992470,Provably Prime, 0.0001790, 0.0003910,Quintuple,
112, 0.1150150,"Probably Prime, Provable Aux Primes", 0.0001780, 0.0003930,Quintuple,
112, 0.1366500,"Probably Prime, Probable Aux Primes", 0.0001810, 0.0013310,Standard,
112, 0.1313860,"Probably Prime, Provable Aux Primes", 0.0002290, 0.0013290,Standard,
112, 0.2103930,"Provably Prime, Aux Primes", 0.0001800, 0.0003960,Quintuple,
112, 0.2441640,"Probably Prime, Probable Aux Primes", 0.0001890, 0.0004010,Quintuple,
112, 0.3780830,Probably Prime, 0.0001970, 0.0003900,Quintuple,
112, 0.3772170,"Provably Prime, Aux Primes", 0.0001920, 0.0014730,Standard,
112, 0.6115170,Provably Prime, 0.0001830, 0.0013720,Standard,
112, 0.0857590,Probably Prime, 0.0001870, 0.0004100,Quintuple,
112, 0.0875640,"Probably Prime, Provable Aux Primes", 0.0001840, 0.0013710,Standard,
112, 0.1132980,"Provably Prime, Aux Primes", 0.0001930, 0.0013610,Standard,
112, 0.1173230,"Probably Prime, Probable Aux Primes", 0.0001850, 0.0013800,Standard,
112, 0.1513780,"Probably Prime, Provable Aux Primes", 0.0001850, 0.0005720,Quintuple,
112, 0.1532410,"Probably Prime, Probable Aux Primes", 0.0001810, 0.0004080,Quintuple,
112, 0.2417510,Probably Prime, 0.0001820, 0.0013700,Standard,
112, 0.2477510,Provably Prime, 0.0001880, 0.0013830,Standard,
112, 0.2547610,"Provably Prime, Aux Primes", 0.0001790, 0.0003960,Quintuple,
112, 0.6212060,Provably Prime, 0.0001840, 0.0003990,Quintuple,
112, 0.0956040,"Probably Prime, Provable Aux Primes", 0.0001870, 0.0003970,Quintuple,
112, 0.1516230,"Probably Prime, Probable Aux Primes", 0.0001810, 0.0013530,Standard,
112, 0.1579690,Probably Prime, 0.0001860, 0.0013550,Standard,
112, 0.1614030,"Provably Prime, Aux Primes", 0.0001990, 0.0013550,Standard,
112, 0.1758220,Probably Prime, 0.0001940, 0.0004060,Quintuple,
112, 0.2493440,"Probably Prime, Provable Aux Primes", 0.0002000, 0.0013490,Standard,
112, 0.3036420,Provably Prime, 0.0001900, 0.0013590,Standard,
112, 0.4497980,Provably Prime, 0.0001900, 0.0003990,Quintuple,
112, 0.6343510,"Provably Prime, Aux Primes", 0.0001930, 0.0004090,Quintuple,
112, 0.8002140,"Probably Prime, Probable Aux Primes", 0.0002010, 0.0003960,Quintuple,
112, 0.1157860,"Probably Prime, Probable Aux Primes", 0.0001830, 0.0013680,Standard,
112, 0.1491810,"Probably Prime, Provable Aux Primes", 0.0002010, 0.0004100,Quintuple,
112, 0.1567610,Probably Prime, 0.0001860, 0.0013750,Standard,
112, 0.2027200,Provably Prime, 0.0001830, 0.0004450,Quintuple,
112, 0.2308650,"Provably Prime, Aux Primes", 0.0001870, 0.0013610,Standard,
112, 0.2585400,"Probably Prime, Probable Aux Primes", 0.0001870, 0.0004030,Quintuple,
112, 0.3047760,Probably Prime, 0.0001810, 0.0004010,Quintuple,
112, 0.3163950,"Probably Prime, Provable Aux Primes", 0.0001800, 0.0014280,Standard,
112, 0.3195500,"Provably Prime, Aux Primes", 0.0001930, 0.0003980,Quintuple,
112, 0.3497390,Provably Prime, 0.0001980, 0.0013450,Standard,
128, 0.2909010,Probably Prime, 0.0003990, 0.0012230,Quintuple,
128, 0.3470700,"Probably Prime, Provable Aux Primes", 0.0003880, 0.0012000,Quintuple,
128, 0.4873360,"Probably Prime, Probable Aux Primes", 0.0004300, 0.0045840,Standard,
128, 0.5809550,Probably Prime, 0.0004100, 0.0046940,Standard,
128, 0.6806160,"Probably Prime, Probable Aux Primes", 0.0004000, 0.0012230,Quintuple,
128, 1.0387270,"Probably Prime, Provable Aux Primes", 0.0004180, 0.0044440,Standard,
128, 1.6353480,Provably Prime, 0.0003950, 0.0012320,Quintuple,
128, 2.0527530,"Provably Prime, Aux Primes", 0.0004510, 0.0043600,Standard,
128, 2.4904400,Provably Prime, 0.0003890, 0.0044160,Standard,
128, 3.9672470,"Provably Prime, Aux Primes", 0.0003880, 0.0012450,Quintuple,
128, 0.2395220,"Probably Prime, Probable Aux Primes", 0.0004060, 0.0011990,Quintuple,
128, 0.3395680,"Probably Prime, Probable Aux Primes", 0.0004100, 0.0045720,Standard,
128, 0.4737670,Probably Prime, 0.0003910, 0.0043880,Standard,
128, 0.4942700,"Provably Prime, Aux Primes", 0.0004010, 0.0013240,Quintuple,
128, 0.6082440,"Probably Prime, Provable Aux Primes", 0.0004470, 0.0044110,Standard,
128, 0.6096410,"Probably Prime, Provable Aux Primes", 0.0004480, 0.0012120,Quintuple,
128, 0.6632110,Provably Prime, 0.0003840, 0.0045890,Standard,
128, 0.8595310,Provably Prime, 0.0005100, 0.0012890,Quintuple,
128, 1.0215670,Probably Prime, 0.0003950, 0.0011830,Quintuple,
128, 1.0395080,"Provably Prime, Aux Primes", 0.0003890, 0.0044880,Standard,
128, 0.4560400,"Probably Prime, Provable Aux Primes", 0.0003990, 0.0011910,Quintuple,
128, 0.6919820,"Provably Prime, Aux Primes", 0.0004720, 0.0088980,Standard,
128, 0.8569550,Probably Prime, 0.0004430, 0.0011930,Quintuple,
128, 0.9596100,Provably Prime, 0.0004190, 0.0043580,Standard,
128, 0.9675510,"Probably Prime, Provable Aux Primes", 0.0004660, 0.0046970,Standard,
128, 1.0407350,Provably Prime, 0.0003870, 0.0012340,Quintuple,
128, 1.2783310,"Probably Prime, Probable Aux Primes", 0.0003960, 0.0050190,Standard,
128, 1.3779940,Probably Prime, 0.0003830, 0.0044100,Standard,
128, 1.6836060,"Provably Prime, Aux Primes", 0.0005200, 0.0014770,Quintuple,
128, 1.7098160,"Probably Prime, Probable Aux Primes", 0.0005600, 0.0032760,Quintuple,
128, 0.5726730,"Probably Prime, Probable Aux Primes", 0.0003990, 0.0161220,Standard,
128, 0.6562560,Probably Prime, 0.0004060, 0.0011980,Quintuple,
128, 0.7645490,"Probably Prime, Provable Aux Primes", 0.0004320, 0.0056940,Standard,
128, 0.7884810,"Probably Prime, Provable Aux Primes", 0.0004030, 0.0012880,Quintuple,
128, 0.8562780,Provably Prime, 0.0004040, 0.0045710,Standard,
128, 1.1518880,"Probably Prime, Probable Aux Primes", 0.0004320, 0.0012110,Quintuple,
128, 1.3394440,Probably Prime, 0.0004060, 0.0044120,Standard,
128, 1.7359420,"Provably Prime, Aux Primes", 0.0004020, 0.0012750,Quintuple,
128, 2.4237370,Provably Prime, 0.0004130, 0.0012060,Quintuple,
128, 2.7973680,"Provably Prime, Aux Primes", 0.0004040, 0.0045560,Standard,
128, 0.2211420,Probably Prime, 0.0004020, 0.0012580,Quintuple,
128, 0.2633130,"Probably Prime, Provable Aux Primes", 0.0003970, 0.0012050,Quintuple,
128, 0.4251350,"Probably Prime, Probable Aux Primes", 0.0004480, 0.0060110,Standard,
128, 0.5932500,"Probably Prime, Probable Aux Primes", 0.0004040, 0.0012210,Quintuple,
128, 1.0796440,"Probably Prime, Provable Aux Primes", 0.0005270, 0.0043890,Standard,
128, 1.1789730,Probably Prime, 0.0004080, 0.0119250,Standard,
128, 1.2303890,Provably Prime, 0.0003910, 0.0089310,Standard,
128, 2.3286190,Provably Prime, 0.0007030, 0.0012880,Quintuple,
128, 3.2889310,"Provably Prime, Aux Primes", 0.0003950, 0.0044370,Standard,
128, 4.2965290,"Provably Prime, Aux Primes", 0.0004530, 0.0011900,Quintuple,
128, 0.4014020,"Probably Prime, Probable Aux Primes", 0.0003880, 0.0089090,Standard,
128, 0.4439890,"Provably Prime, Aux Primes", 0.0003870, 0.0011920,Quintuple,
128, 0.5850490,Probably Prime, 0.0003980, 0.0051530,Standard,
128, 0.6107480,Probably Prime, 0.0004000, 0.0011790,Quintuple,
128, 0.6464910,"Probably Prime, Provable Aux Primes", 0.0005440, 0.0020760,Quintuple,
128, 0.6572430,"Probably Prime, Probable Aux Primes", 0.0003910, 0.0011740,Quintuple,
128, 0.9129230,Provably Prime, 0.0004170, 0.0044380,Standard,
128, 1.0219190,"Probably Prime, Provable Aux Primes", 0.0003980, 0.0053940,Standard,
128, 1.1492800,"Provably Prime, Aux Primes", 0.0004010, 0.0044430,Standard,
128, 1.9062780,Provably Prime, 0.0004230, 0.0012000,Quintuple,
128, 0.1293470,Probably Prime, 0.0004090, 0.0057280,Standard,
128, 0.2386330,"Probably Prime, Provable Aux Primes", 0.0004110, 0.0044660,Standard,
128, 0.1754290,Provably Prime, 0.0004070, 0.0047100,Standard,
128, 0.0078440,"Provably Prime, Aux Primes", 0.0004960, 0.0048010,Standard,
128, 0.2300730,"Provably Prime, Aux Primes", 0.0003950, 0.0012110,Quintuple,
128, 0.2341230,"Probably Prime, Provable Aux Primes", 0.0004000, 0.0012020,Quintuple,
128, 0.4295170,"Probably Prime, Probable Aux Primes", 0.0003880, 0.0012000,Quintuple,
128, 0.6383420,"Probably Prime, Probable Aux Primes", 0.0004020, 0.0043660,Standard,
128, 0.9103790,Provably Prime, 0.0004240, 0.0011930,Quintuple,
128, 1.2355610,Probably Prime, 0.0003930, 0.0012080,Quintuple,
128, 0.2033800,Probably Prime, 0.0003900, 0.0011850,Quintuple,
128, 0.4027930,"Probably Prime, Provable Aux Primes", 0.0003930, 0.0011770,Quintuple,
128, 0.4275300,Provably Prime, 0.0005000, 0.0045870,Standard,
128, 0.4627770,Probably Prime, 0.0003980, 0.0045480,Standard,
128, 0.4699500,Provably Prime, 0.0004070, 0.0016960,Quintuple,
128, 0.6201170,"Probably Prime, Provable Aux Primes", 0.0004150, 0.0046540,Standard,
128, 0.6505910,"Probably Prime, Probable Aux Primes", 0.0003870, 0.0013610,Quintuple,
128, 1.1084920,"Probably Prime, Probable Aux Primes", 0.0003940, 0.0045360,Standard,
128, 2.1529090,"Provably Prime, Aux Primes", 0.0004210, 0.0045050,Standard,
128, 2.1663380,"Provably Prime, Aux Primes", 0.0003870, 0.0011990,Quintuple,
128, 0.4424430,"Probably Prime, Probable Aux Primes", 0.0003870, 0.0022210,Quintuple,
128, 0.4606430,Probably Prime, 0.0004130, 0.0047070,Standard,
128, 0.6026460,"Probably Prime, Probable Aux Primes", 0.0003950, 0.0049850,Standard,
128, 0.6723350,Probably Prime, 0.0004010, 0.0011790,Quintuple,
128, 0.8123730,"Probably Prime, Provable Aux Primes", 0.0003900, 0.0043970,Standard,
128, 1.0155270,"Probably Prime, Provable Aux Primes", 0.0004100, 0.0011910,Quintuple,
128, 1.0278950,Provably Prime, 0.0003910, 0.0044630,Standard,
128, 1.4683500,Provably Prime, 0.0003890, 0.0011890,Quintuple,
128, 2.4475670,"Provably Prime, Aux Primes", 0.0003890, 0.0011930,Quintuple,
128, 3.2835670,"Provably Prime, Aux Primes", 0.0004670, 0.0044570,Standard,
128, 0.3400890,"Provably Prime, Aux Primes", 0.0004190, 0.0045010,Standard,
128, 0.3676060,"Probably Prime, Probable Aux Primes", 0.0003860, 0.0044120,Standard,
128, 0.3982370,"Probably Prime, Provable Aux Primes", 0.0003900, 0.0043720,Standard,
128, 0.5175640,Provably Prime, 0.0003950, 0.0054100,Standard,
128, 0.5828410,"Probably Prime, Probable Aux Primes", 0.0003960, 0.0012620,Quintuple,
128, 0.7075110,Provably Prime, 0.0004390, 0.0012090,Quintuple,
128, 0.7384270,"Probably Prime, Provable Aux Primes", 0.0004080, 0.0011860,Quintuple,
128, 0.8017000,Probably Prime, 0.0003940, 0.0012050,Quintuple,
128, 0.9086020,Probably Prime, 0.0004110, 0.0049930,Standard,
128, 1.1706110,"Provably Prime, Aux Primes", 0.0003940, 0.0012540,Quintuple,
192, 7.4933480,"Probably Prime, Provable Aux Primes", 0.0025990, 0.0253100,Quintuple,
192, 9.0342090,Probably Prime, 0.0026310, 0.0246460,Quintuple,
192, 9.3498830,"Probably Prime, Probable Aux Primes", 0.0026600, 0.0733030,Standard,
192,13.7471830,"Probably Prime, Provable Aux Primes", 0.0025720, 0.0724420,Standard,
192,14.4837310,"Probably Prime, Probable Aux Primes", 0.0026000, 0.0238770,Quintuple,
192,15.3802120,Provably Prime, 0.0030470, 0.0744460,Standard,
192,17.5839750,Probably Prime, 0.0026640, 0.0733530,Standard,
192,20.3539930,Provably Prime, 0.0028390, 0.0249220,Quintuple,
192,54.4265400,"Provably Prime, Aux Primes", 0.0026000, 0.0688570,Standard,
192,62.5769920,"Provably Prime, Aux Primes", 0.0029510, 0.0260230,Quintuple,
192, 7.8359920,"Probably Prime, Provable Aux Primes", 0.0023770, 0.0228480,Quintuple,
192, 9.5605240,Probably Prime, 0.0024870, 0.0707630,Standard,
192,10.9612280,"Probably Prime, Provable Aux Primes", 0.0024390, 0.0709330,Standard,
192,12.7752470,"Probably Prime, Probable Aux Primes", 0.0026050, 0.0236240,Quintuple,
192,13.8092150,Probably Prime, 0.0024770, 0.0240040,Quintuple,
192,17.2387850,"Probably Prime, Probable Aux Primes", 0.0024360, 0.0689300,Standard,
192,49.0441390,"Provably Prime, Aux Primes", 0.0024610, 0.0692080,Standard,
192,60.6179290,Provably Prime, 0.0025400, 0.0685730,Standard,
192,66.5858230,Provably Prime, 0.0029490, 0.0289320,Quintuple,
192,71.4027100,"Provably Prime, Aux Primes", 0.0030720, 0.0275220,Quintuple,
192,10.5381190,Probably Prime, 0.0024820, 0.0708100,Standard,
192,11.4264680,"Probably Prime, Provable Aux Primes", 0.0024080, 0.0235120,Quintuple,
192,11.6758270,"Probably Prime, Probable Aux Primes", 0.0027230, 0.0242850,Quintuple,
192,13.4853640,Probably Prime, 0.0024230, 0.0231480,Quintuple,
192,15.4905740,"Provably Prime, Aux Primes", 0.0024110, 0.0683650,Standard,
192,15.5809750,"Probably Prime, Provable Aux Primes", 0.0023410, 0.0695100,Standard,
192,16.3278450,"Probably Prime, Probable Aux Primes", 0.0023600, 0.0725480,Standard,
192,36.6282270,Provably Prime, 0.0031210, 0.1050860,Standard,
192,47.6471940,"Provably Prime, Aux Primes", 0.0024520, 0.0238290,Quintuple,
192,92.6152480,Provably Prime, 0.0024820, 0.0273530,Quintuple,
192, 4.3786500,Probably Prime, 0.0025190, 0.0695870,Standard,
192, 5.4936250,Provably Prime, 0.0025380, 0.0243110,Quintuple,
192, 7.2306290,"Probably Prime, Provable Aux Primes", 0.0024680, 0.0232670,Quintuple,
192,10.2449230,"Probably Prime, Provable Aux Primes", 0.0024620, 0.0694290,Standard,
192,11.2472940,Probably Prime, 0.0024640, 0.0238690,Quintuple,
192,12.2978480,"Probably Prime, Probable Aux Primes", 0.0024790, 0.0687210,Standard,
192,15.1258680,"Provably Prime, Aux Primes", 0.0026850, 0.0241410,Quintuple,
192,16.1337850,"Probably Prime, Probable Aux Primes", 0.0028170, 0.0271440,Quintuple,
192,23.1812810,"Provably Prime, Aux Primes", 0.0024790, 0.0714120,Standard,
192,42.3635180,Provably Prime, 0.0024310, 0.0885730,Standard,
192, 4.9091940,"Probably Prime, Provable Aux Primes", 0.0024740, 0.0767530,Standard,
192, 5.9703410,Probably Prime, 0.0024770, 0.0705580,Standard,
192, 5.6481220,"Probably Prime, Provable Aux Primes", 0.0024820, 0.0242650,Quintuple,
192, 8.7803110,Probably Prime, 0.0024980, 0.0239930,Quintuple,
192, 9.7637450,Provably Prime, 0.0024510, 0.0703840,Standard,
192,10.1487080,"Probably Prime, Probable Aux Primes", 0.0024820, 0.0233790,Quintuple,
192,11.6422460,"Probably Prime, Probable Aux Primes", 0.0028670, 0.0709000,Standard,
192,20.2044270,"Provably Prime, Aux Primes", 0.0025470, 0.0721940,Standard,
192,33.4644070,"Provably Prime, Aux Primes", 0.0024550, 0.0241290,Quintuple,
192,57.4674500,Provably Prime, 0.0034100, 0.0310570,Quintuple,
192, 5.3835910,"Probably Prime, Probable Aux Primes", 0.0025820, 0.0704700,Standard,
192, 7.7474240,Probably Prime, 0.0024300, 0.0237820,Quintuple,
192, 9.3356450,"Probably Prime, Provable Aux Primes", 0.0024210, 0.0234370,Quintuple,
192, 9.7060920,"Probably Prime, Provable Aux Primes", 0.0024730, 0.0688330,Standard,
192,10.3788520,"Probably Prime, Probable Aux Primes", 0.0024650, 0.0245790,Quintuple,
192,11.2985810,Probably Prime, 0.0024580, 0.0690870,Standard,
192,18.9837760,Provably Prime, 0.0025090, 0.0242830,Quintuple,
192,20.2507040,"Provably Prime, Aux Primes", 0.0026200, 0.0756570,Standard,
192,42.7919640,Provably Prime, 0.0029120, 0.0697440,Standard,
192,65.4509940,"Provably Prime, Aux Primes", 0.0030750, 0.0352270,Quintuple,
192, 3.9243160,"Provably Prime, Aux Primes", 0.0024630, 0.0689780,Standard,
192, 5.5724160,"Probably Prime, Provable Aux Primes", 0.0024690, 0.0238600,Quintuple,
192, 8.7738550,"Probably Prime, Probable Aux Primes", 0.0024580, 0.0235940,Quintuple,
192,13.2960380,Probably Prime, 0.0025300, 0.0689270,Standard,
192,14.6839680,"Probably Prime, Provable Aux Primes", 0.0024270, 0.0694200,Standard,
192,18.5210290,Probably Prime, 0.0025150, 0.0239220,Quintuple,
192,21.9215260,"Probably Prime, Probable Aux Primes", 0.0027320, 0.0700050,Standard,
192,31.5669300,"Provably Prime, Aux Primes", 0.0024910, 0.0238410,Quintuple,
192,57.1077120,Provably Prime, 0.0033120, 0.0242650,Quintuple,
192,66.3342860,Provably Prime, 0.0024200, 0.0810450,Standard,
192, 4.9593490,"Probably Prime, Provable Aux Primes", 0.0026390, 0.0254260,Quintuple,
192, 7.6326760,"Probably Prime, Probable Aux Primes", 0.0024160, 0.0233230,Quintuple,
192,12.4807520,Probably Prime, 0.0025620, 0.0237160,Quintuple,
192,17.0232180,Probably Prime, 0.0024870, 0.0708460,Standard,
192,18.4528340,"Probably Prime, Provable Aux Primes", 0.0025400, 0.0705450,Standard,
192,31.1881980,"Probably Prime, Probable Aux Primes", 0.0023290, 0.0697350,Standard,
192,42.4156760,Provably Prime, 0.0024760, 0.0694890,Standard,
192,42.8478430,"Provably Prime, Aux Primes", 0.0024570, 0.0700770,Standard,
192,48.0639490,"Provably Prime, Aux Primes", 0.0025090, 0.0240610,Quintuple,
192,62.2149390,Provably Prime, 0.0036420, 0.0284190,Quintuple,
192, 6.0558450,"Probably Prime, Provable Aux Primes", 0.0025060, 0.0776840,Standard,
192, 7.8624530,"Probably Prime, Probable Aux Primes", 0.0025680, 0.0714740,Standard,
192, 8.1373400,Probably Prime, 0.0025090, 0.0242170,Quintuple,
192, 9.0617400,"Probably Prime, Probable Aux Primes", 0.0025100, 0.0238340,Quintuple,
192,14.5808440,Probably Prime, 0.0024680, 0.0696950,Standard,
192,30.4458690,"Probably Prime, Provable Aux Primes", 0.0024720, 0.0230570,Quintuple,
192,33.5807370,Provably Prime, 0.0025070, 0.0753820,Standard,
192,43.8847580,"Provably Prime, Aux Primes", 0.0024620, 0.0235720,Quintuple,
192,49.9511100,"Provably Prime, Aux Primes", 0.0025390, 0.0716510,Standard,
192,56.2441710,Provably Prime, 0.0024440, 0.0280050,Quintuple,
192, 5.3853130,"Probably Prime, Probable Aux Primes", 0.0025520, 0.0752270,Standard,
192,12.1944400,"Probably Prime, Provable Aux Primes", 0.0025530, 0.0723270,Standard,
192,14.3275810,Probably Prime, 0.0024770, 0.0691080,Standard,
192,15.4268210,"Probably Prime, Probable Aux Primes", 0.0026450, 0.0258820,Quintuple,
192,15.5497710,"Probably Prime, Provable Aux Primes", 0.0025880, 0.0261460,Quintuple,
192,15.8706990,Provably Prime, 0.0026850, 0.0738560,Standard,
192,35.6812590,"Provably Prime, Aux Primes", 0.0024830, 0.0689920,Standard,
192,36.0444590,Provably Prime, 0.0024550, 0.0240980,Quintuple,
192,38.9779430,Probably Prime, 0.0024700, 0.0258100,Quintuple,
192,43.9704740,"Provably Prime, Aux Primes", 0.0024490, 0.0291640,Quintuple,
256,51.6275500,"Probably Prime, Provable Aux Primes", 0.0110780, 0.6536000,Standard,
256,57.1061020,"Probably Prime, Probable Aux Primes", 0.0111970, 0.6415390,Standard,
256,83.0557540,Probably Prime, 0.0115370, 0.6416040,Standard,
256,159.8231280,Probably Prime, 0.0115500, 0.1598270,Quintuple,
256,189.9577570,Provably Prime, 0.0106410, 0.1518320,Quintuple,
256,194.4894100,"Probably Prime, Provable Aux Primes", 0.0112140, 0.1589760,Quintuple,
256,203.1727040,"Probably Prime, Probable Aux Primes", 0.0110980, 0.1511850,Quintuple,
256,487.2438550,"Provably Prime, Aux Primes", 0.0108170, 0.1410370,Quintuple,
256,585.2940910,Provably Prime, 0.0107620, 0.5869130,Standard,
256,595.3108820,"Provably Prime, Aux Primes", 0.0101210, 0.6668100,Standard,
256,26.7497710,"Probably Prime, Provable Aux Primes", 0.0129610, 0.1807870,Quintuple,
256,56.5252280,Probably Prime, 0.0135780, 0.7658070,Standard,
256,59.2992430,"Probably Prime, Probable Aux Primes", 0.0136290, 0.1910270,Quintuple,
256,118.5703180,"Probably Prime, Probable Aux Primes", 0.0123240, 0.6501360,Standard,
256,118.6584520,"Probably Prime, Provable Aux Primes", 0.0119970, 0.6519250,Standard,
256,131.1413510,Provably Prime, 0.0104110, 0.5967560,Standard,
256,173.1134000,Probably Prime, 0.0099540, 0.1452080,Quintuple,
256,204.1820660,"Provably Prime, Aux Primes", 0.0100270, 0.1425230,Quintuple,
256,391.2783310,Provably Prime, 0.0100400, 0.1461250,Quintuple,
256,439.8713940,"Provably Prime, Aux Primes", 0.0155010, 0.6607330,Standard,
256,80.8732780,Probably Prime, 0.0135970, 0.8075460,Standard,
256,124.5155110,"Probably Prime, Probable Aux Primes", 0.0128490, 0.1785510,Quintuple,
256,126.9284780,"Probably Prime, Probable Aux Primes", 0.0142120, 0.7542920,Standard,
256,163.4146890,"Provably Prime, Aux Primes", 0.0115430, 0.6326770,Standard,
256,175.9774530,"Probably Prime, Provable Aux Primes", 0.0114470, 0.1670090,Quintuple,
256,241.3485400,Probably Prime, 0.0105540, 0.1487280,Quintuple,
256,286.6440370,"Probably Prime, Provable Aux Primes", 0.0096850, 0.5644210,Standard,
256,300.1834720,Provably Prime, 0.0098550, 0.1397740,Quintuple,
256,317.5616440,"Provably Prime, Aux Primes", 0.0112890, 0.1499820,Quintuple,
256,448.1822190,Provably Prime, 0.0137410, 0.6924990,Standard,
256,37.6947360,"Probably Prime, Provable Aux Primes", 0.0131570, 0.6786780,Quintuple,
256,89.8137360,"Probably Prime, Provable Aux Primes", 0.0181090, 0.7481170,Standard,
256,90.7938930,"Probably Prime, Probable Aux Primes", 0.0125890, 0.7225410,Standard,
256,136.4426100,Probably Prime, 0.0174100, 0.7480210,Standard,
256,155.8271850,Probably Prime, 0.0103300, 0.1567920,Quintuple,
256,190.3943890,"Provably Prime, Aux Primes", 0.0113880, 0.6046540,Standard,
256,193.1622650,"Probably Prime, Probable Aux Primes", 0.0106120, 0.1510620,Quintuple,
256,240.7750350,"Provably Prime, Aux Primes", 0.0099820, 0.1424030,Quintuple,
256,243.7635140,Provably Prime, 0.0101410, 0.5729820,Standard,
256,496.5439620,Provably Prime, 0.0111540, 0.1593220,Quintuple,
256,64.2705690,"Probably Prime, Probable Aux Primes", 0.0153510, 0.2197240,Quintuple,
256,93.2412300,Probably Prime, 0.0129280, 0.7031200,Standard,
256,107.7924730,"Probably Prime, Provable Aux Primes", 0.0123940, 0.7027510,Standard,
256,115.2074090,Provably Prime, 0.0127200, 0.1768490,Quintuple,
256,117.7685780,"Probably Prime, Provable Aux Primes", 0.0124910, 0.1785810,Quintuple,
256,151.0682790,"Provably Prime, Aux Primes", 0.0110110, 0.5965120,Standard,
256,171.0200110,Probably Prime, 0.0098360, 0.1429760,Quintuple,
256,468.4424690,"Probably Prime, Probable Aux Primes", 0.0112330, 0.5658310,Standard,
256,535.3827760,"Provably Prime, Aux Primes", 0.0112890, 0.1405070,Quintuple,
256,536.9956660,Provably Prime, 0.0105740, 0.6814810,Standard,
256,56.4057580,Probably Prime, 0.0135830, 0.7780880,Standard,
256,92.4578160,"Probably Prime, Provable Aux Primes", 0.0127000, 0.1794520,Quintuple,
256,96.2800580,"Provably Prime, Aux Primes", 0.0125700, 0.1788930,Quintuple,
256,161.8614260,Provably Prime, 0.0124860, 0.1827880,Quintuple,
256,164.0462160,Probably Prime, 0.0151580, 0.1955990,Quintuple,
256,175.0623840,"Probably Prime, Probable Aux Primes", 0.0107710, 0.5948970,Standard,
256,195.3453460,"Probably Prime, Provable Aux Primes", 0.0099780, 0.5880530,Standard,
256,255.1795770,"Probably Prime, Probable Aux Primes", 0.0101820, 0.1418140,Quintuple,
256,299.8771240,Provably Prime, 0.0100230, 0.5806960,Standard,
256,390.2562020,"Provably Prime, Aux Primes", 0.0143230, 0.6611130,Standard,
256,46.9058550,"Probably Prime, Probable Aux Primes", 0.0132580, 0.1896410,Quintuple,
256,47.9851250,"Probably Prime, Provable Aux Primes", 0.0134420, 0.7556110,Standard,
256,48.8126610,Probably Prime, 0.0134040, 0.1913260,Quintuple,
256,77.2777780,Probably Prime, 0.0124210, 0.7019340,Standard,
256,212.3978970,"Probably Prime, Probable Aux Primes", 0.0111270, 0.6455820,Standard,
256,243.0730450,"Probably Prime, Provable Aux Primes", 0.0101440, 0.1500090,Quintuple,
256,272.8210670,"Provably Prime, Aux Primes", 0.0098770, 0.1415340,Quintuple,
256,336.9656300,"Provably Prime, Aux Primes", 0.0106040, 0.5756760,Standard,
256,524.1643270,Provably Prime, 0.0101410, 0.5661940,Standard,
256,609.8857500,Provably Prime, 0.0109610, 0.1631930,Quintuple,
256,70.1318700,Probably Prime, 0.0125860, 0.1774440,Quintuple,
256,74.7048960,"Probably Prime, Probable Aux Primes", 0.0120990, 0.6938070,Standard,
256,90.5445710,"Probably Prime, Probable Aux Primes", 0.0125670, 0.1763740,Quintuple,
256,112.2486880,"Probably Prime, Provable Aux Primes", 0.0114970, 0.1593730,Quintuple,
256,118.1436820,Probably Prime, 0.0106580, 0.5857510,Standard,
256,124.5323510,"Probably Prime, Provable Aux Primes", 0.0104790, 0.5871540,Standard,
256,129.8791910,"Provably Prime, Aux Primes", 0.0104520, 0.1479810,Quintuple,
256,212.2322050,"Provably Prime, Aux Primes", 0.0100090, 0.5625440,Standard,
256,313.2958400,Provably Prime, 0.0096820, 0.5951610,Standard,
256,507.7315630,Provably Prime, 0.0132310, 0.1612370,Quintuple,
256,47.3075810,"Probably Prime, Provable Aux Primes", 0.0115930, 0.6660820,Standard,
256,52.0303850,"Probably Prime, Provable Aux Primes", 0.0115910, 0.1616390,Quintuple,
256,130.8742840,"Probably Prime, Probable Aux Primes", 0.0290270, 0.3669250,Quintuple,
256,144.2712400,"Probably Prime, Probable Aux Primes", 0.0294200, 1.5461870,Standard,
256,284.5080060,Probably Prime, 0.0126500, 1.0759520,Standard,
